{
  "n_boot": 10000,
  "seed": 42,
  "athletes": [
    "bardalez",
    "friedrich",
    "genc",
    "he",
    "lo",
    "mego",
    "moeini",
    "montero",
    "nasar",
    "ozbek",
    "rustamov"
  ],
  "b2": {
    "frame_macro_f1": {
      "mean": 0.9050130994844944,
      "std": 0.00744536142841976,
      "median": 0.9052939651510965,
      "ci95_low": 0.8898108558623267,
      "ci95_high": 0.9187054337868777,
      "n_boot": 10000,
      "n_units": 11
    },
    "segmental_f1_at_10": {
      "mean": 0.9027317326855957,
      "std": 0.032386297217889305,
      "median": 0.9053287953210069,
      "ci95_low": 0.8301432230000526,
      "ci95_high": 0.9477865363341837,
      "n_boot": 10000,
      "n_units": 11
    },
    "segmental_f1_at_25": {
      "mean": 0.871932623932396,
      "std": 0.030936480325317196,
      "median": 0.875074435999662,
      "ci95_low": 0.8040153111566997,
      "ci95_high": 0.919640336411199,
      "n_boot": 10000,
      "n_units": 11
    },
    "segmental_f1_at_50": {
      "mean": 0.7752372238831564,
      "std": 0.03375691292452689,
      "median": 0.7783936536305345,
      "ci95_low": 0.7011726291885422,
      "ci95_high": 0.830059201185186,
      "n_boot": 10000,
      "n_units": 11
    },
    "boundary_mae_frames": {
      "mean": 1.3192888720538722,
      "std": 0.15466893823402728,
      "median": 1.302693602693603,
      "ci95_low": 1.0713804713804713,
      "ci95_high": 1.656233164983165,
      "n_boot": 10000,
      "n_units": 11
    }
  },
  "b3": {
    "frame_macro_f1": {
      "mean": 0.9052151505864735,
      "std": 0.008881929312413508,
      "median": 0.9059160860630542,
      "ci95_low": 0.8861800535237382,
      "ci95_high": 0.9205392415178454,
      "n_boot": 10000,
      "n_units": 11
    },
    "segmental_f1_at_10": {
      "mean": 0.9069376279134287,
      "std": 0.03345482916435381,
      "median": 0.9080888874091315,
      "ci95_low": 0.8332946004419357,
      "ci95_high": 0.9496701698974427,
      "n_boot": 10000,
      "n_units": 11
    },
    "segmental_f1_at_25": {
      "mean": 0.8617797408173595,
      "std": 0.031991744475537036,
      "median": 0.8651371023520834,
      "ci95_low": 0.7915318261791615,
      "ci95_high": 0.91288377093401,
      "n_boot": 10000,
      "n_units": 11
    },
    "segmental_f1_at_50": {
      "mean": 0.790065988863056,
      "std": 0.03085343030116988,
      "median": 0.7927667957992988,
      "ci95_low": 0.7219669408393216,
      "ci95_high": 0.8401326376087139,
      "n_boot": 10000,
      "n_units": 11
    },
    "boundary_mae_frames": {
      "mean": 0.9751846296296295,
      "std": 0.12757015312128323,
      "median": 0.9624579124579125,
      "ci95_low": 0.776422558922559,
      "ci95_high": 1.261296296296296,
      "n_boot": 10000,
      "n_units": 11
    }
  },
  "b3_minus_b2": {
    "frame_macro_f1": {
      "mean": 0.00020205110197897102,
      "std": 0.007146184488908088,
      "median": 0.0006422765837570551,
      "ci95_low": -0.01482327710929239,
      "ci95_high": 0.01308860352989619,
      "n_boot": 10000,
      "n_units": 11,
      "ci_includes_zero": true
    },
    "segmental_f1_at_10": {
      "mean": 0.0042058952278328935,
      "std": 0.00563530697150528,
      "median": 0.004084864102689455,
      "ci95_low": -0.006544804983753229,
      "ci95_high": 0.015566363136104695,
      "n_boot": 10000,
      "n_units": 11,
      "ci_includes_zero": true
    },
    "segmental_f1_at_25": {
      "mean": -0.010152883115036388,
      "std": 0.006681853353430163,
      "median": -0.01011501092160626,
      "ci95_low": -0.023163139049502644,
      "ci95_high": 0.0029844813534653162,
      "n_boot": 10000,
      "n_units": 11,
      "ci_includes_zero": true
    },
    "segmental_f1_at_50": {
      "mean": 0.014828764979899631,
      "std": 0.009348637937649375,
      "median": 0.01505119459664921,
      "ci95_low": -0.004037329568792766,
      "ci95_high": 0.03235868192444356,
      "n_boot": 10000,
      "n_units": 11,
      "ci_includes_zero": true
    },
    "boundary_mae_frames": {
      "mean": -0.3441042424242424,
      "std": 0.05291490788663704,
      "median": -0.3441077441077441,
      "ci95_low": -0.44781144781144794,
      "ci95_high": -0.24175084175084172,
      "n_boot": 10000,
      "n_units": 11,
      "ci_includes_zero": false
    }
  }
}