{
  "ms_tcn": {
    "42": {
      "bardalez": {
        "frame_macro_f1": 0.8612731791132339,
        "segmental_f1_at_10": 1.0,
        "segmental_f1_at_25": 0.9047619047619048,
        "segmental_f1_at_50": 0.7619047619047619,
        "boundary_mae_frames": 2.1666666666666665
      },
      "friedrich": {
        "frame_macro_f1": 0.9110158062269029,
        "segmental_f1_at_10": 0.9743589743589743,
        "segmental_f1_at_25": 0.9743589743589743,
        "segmental_f1_at_50": 0.923076923076923,
        "boundary_mae_frames": 1.6111111111111112
      },
      "genc": {
        "frame_macro_f1": 0.8792521049469603,
        "segmental_f1_at_10": 0.8888888888888888,
        "segmental_f1_at_25": 0.8888888888888888,
        "segmental_f1_at_50": 0.8333333333333333,
        "boundary_mae_frames": 1.2777777777777777
      },
      "he": {
        "frame_macro_f1": 0.9186191916029365,
        "segmental_f1_at_10": 0.9259259259259259,
        "segmental_f1_at_25": 0.9259259259259259,
        "segmental_f1_at_50": 0.7936507936507936,
        "boundary_mae_frames": 1.6666666666666667
      },
      "lo": {
        "frame_macro_f1": 0.8836711219587061,
        "segmental_f1_at_10": 0.8968253968253967,
        "segmental_f1_at_25": 0.8968253968253967,
        "segmental_f1_at_50": 0.8412698412698413,
        "boundary_mae_frames": 1.472222222222222
      },
      "mego": {
        "frame_macro_f1": 0.9300361682192309,
        "segmental_f1_at_10": 0.9696969696969697,
        "segmental_f1_at_25": 0.9696969696969697,
        "segmental_f1_at_50": 0.8268398268398268,
        "boundary_mae_frames": 0.9444444444444444
      },
      "moeini": {
        "frame_macro_f1": 0.8590385744614323,
        "segmental_f1_at_10": 0.5809195402298851,
        "segmental_f1_at_25": 0.5809195402298851,
        "segmental_f1_at_50": 0.43126436781609195,
        "boundary_mae_frames": 3.3333333333333335
      },
      "montero": {
        "frame_macro_f1": 0.9165092694569481,
        "segmental_f1_at_10": 0.9444444444444444,
        "segmental_f1_at_25": 0.9444444444444444,
        "segmental_f1_at_50": 0.8492063492063492,
        "boundary_mae_frames": 1.2777777777777777
      },
      "nasar": {
        "frame_macro_f1": 0.8818614763785035,
        "segmental_f1_at_10": 0.9487179487179487,
        "segmental_f1_at_25": 0.8974358974358974,
        "segmental_f1_at_50": 0.7985347985347985,
        "boundary_mae_frames": 1.6
      },
      "ozbek": {
        "frame_macro_f1": 0.8685762810026975,
        "segmental_f1_at_10": 1.0,
        "segmental_f1_at_25": 0.9523809523809523,
        "segmental_f1_at_50": 0.7142857142857143,
        "boundary_mae_frames": 2.2222222222222223
      },
      "rustamov": {
        "frame_macro_f1": 0.9051238791685915,
        "segmental_f1_at_10": 0.9696969696969697,
        "segmental_f1_at_25": 0.8138528138528138,
        "segmental_f1_at_50": 0.7662337662337662,
        "boundary_mae_frames": 1.6388888888888888
      }
    },
    "123": {
      "bardalez": {
        "frame_macro_f1": 0.9060066744345981,
        "segmental_f1_at_10": 1.0,
        "segmental_f1_at_25": 0.9047619047619048,
        "segmental_f1_at_50": 0.8571428571428571,
        "boundary_mae_frames": 0.9444444444444444
      },
      "friedrich": {
        "frame_macro_f1": 0.9152687306054182,
        "segmental_f1_at_10": 0.9743589743589743,
        "segmental_f1_at_25": 0.9743589743589743,
        "segmental_f1_at_50": 0.8754578754578755,
        "boundary_mae_frames": 1.0444444444444445
      },
      "genc": {
        "frame_macro_f1": 0.9225420780673473,
        "segmental_f1_at_10": 0.9444444444444444,
        "segmental_f1_at_25": 0.9444444444444444,
        "segmental_f1_at_50": 0.8301587301587302,
        "boundary_mae_frames": 0.7222222222222222
      },
      "he": {
        "frame_macro_f1": 0.9277677688801705,
        "segmental_f1_at_10": 0.9777777777777777,
        "segmental_f1_at_25": 0.9777777777777777,
        "segmental_f1_at_50": 0.8825396825396825,
        "boundary_mae_frames": 0.9444444444444444
      },
      "lo": {
        "frame_macro_f1": 0.9342699051451566,
        "segmental_f1_at_10": 0.9523809523809523,
        "segmental_f1_at_25": 0.8857142857142858,
        "segmental_f1_at_50": 0.819047619047619,
        "boundary_mae_frames": 0.5833333333333334
      },
      "mego": {
        "frame_macro_f1": 0.9040784477830484,
        "segmental_f1_at_10": 0.9777777777777777,
        "segmental_f1_at_25": 0.9777777777777777,
        "segmental_f1_at_50": 0.8634920634920635,
        "boundary_mae_frames": 1.1388888888888888
      },
      "moeini": {
        "frame_macro_f1": 0.868338639131556,
        "segmental_f1_at_10": 0.5809195402298851,
        "segmental_f1_at_25": 0.5809195402298851,
        "segmental_f1_at_50": 0.4979310344827586,
        "boundary_mae_frames": 2.5
      },
      "montero": {
        "frame_macro_f1": 0.9565851546331512,
        "segmental_f1_at_10": 1.0,
        "segmental_f1_at_25": 0.9333333333333333,
        "segmental_f1_at_50": 0.8380952380952381,
        "boundary_mae_frames": 0.6388888888888888
      },
      "nasar": {
        "frame_macro_f1": 0.8760895343162158,
        "segmental_f1_at_10": 0.9440559440559441,
        "segmental_f1_at_25": 0.8834498834498834,
        "segmental_f1_at_50": 0.7239427239427239,
        "boundary_mae_frames": 1.3
      },
      "ozbek": {
        "frame_macro_f1": 0.8576020298778056,
        "segmental_f1_at_10": 1.0,
        "segmental_f1_at_25": 0.9523809523809523,
        "segmental_f1_at_50": 0.8095238095238095,
        "boundary_mae_frames": 1.4444444444444444
      },
      "rustamov": {
        "frame_macro_f1": 0.9298205139569744,
        "segmental_f1_at_10": 0.9696969696969697,
        "segmental_f1_at_25": 0.8138528138528138,
        "segmental_f1_at_50": 0.7532467532467532,
        "boundary_mae_frames": 0.7222222222222222
      }
    },
    "456": {
      "bardalez": {
        "frame_macro_f1": 0.8960319756579521,
        "segmental_f1_at_10": 0.8967320261437909,
        "segmental_f1_at_25": 0.8078431372549019,
        "segmental_f1_at_50": 0.7686274509803921,
        "boundary_mae_frames": 1.1111111111111112
      },
      "friedrich": {
        "frame_macro_f1": 0.9419480865351233,
        "segmental_f1_at_10": 0.9299145299145299,
        "segmental_f1_at_25": 0.9299145299145299,
        "segmental_f1_at_50": 0.9299145299145299,
        "boundary_mae_frames": 0.9777777777777777
      },
      "genc": {
        "frame_macro_f1": 0.9363023728974553,
        "segmental_f1_at_10": 0.8258547008547009,
        "segmental_f1_at_25": 0.8258547008547009,
        "segmental_f1_at_50": 0.8258547008547009,
        "boundary_mae_frames": 0.638888888888889
      },
      "he": {
        "frame_macro_f1": 0.9223434260035691,
        "segmental_f1_at_10": 0.8678362573099415,
        "segmental_f1_at_25": 0.8678362573099415,
        "segmental_f1_at_50": 0.823391812865497,
        "boundary_mae_frames": 1.0555555555555556
      },
      "lo": {
        "frame_macro_f1": 0.9209714664820521,
        "segmental_f1_at_10": 0.8388888888888889,
        "segmental_f1_at_25": 0.8388888888888889,
        "segmental_f1_at_50": 0.7833333333333333,
        "boundary_mae_frames": 0.8333333333333334
      },
      "mego": {
        "frame_macro_f1": 0.9192472269272962,
        "segmental_f1_at_10": 0.9252525252525252,
        "segmental_f1_at_25": 0.9252525252525252,
        "segmental_f1_at_50": 0.8202020202020202,
        "boundary_mae_frames": 0.9722222222222222
      },
      "moeini": {
        "frame_macro_f1": 0.8801032492437922,
        "segmental_f1_at_10": 0.5572649572649573,
        "segmental_f1_at_25": 0.5572649572649573,
        "segmental_f1_at_50": 0.44590964590964594,
        "boundary_mae_frames": 2.4444444444444446
      },
      "montero": {
        "frame_macro_f1": 0.9397846835658354,
        "segmental_f1_at_10": 0.8786324786324786,